2024-05-11 18:25:33.064383,BTC/USD,0.3141717461309096,"{'kraken': 61189.3, 'coinbase': 61178.08, 'binance': 61144.9, 'bitfinex': 61337.0}",1
2024-05-11 18:25:35.089863,ETH/USD,0.2735790985568703,"{'kraken': 2924.21, 'coinbase': 2924.51, 'binance': 2924.2, 'bitfinex': 2932.2}",1
2024-05-11 18:25:37.103946,SOL/USD,0.36312216418063875,"{'kraken': 145.8, 'coinbase': 145.76, 'binance': 145.681, 'bitfinex': 146.21}",1
2024-05-11 18:25:39.084847,XRP/USD,0.19162386408534698,"{'kraken': 0.50643, 'coinbase': 0.5062, 'binance': 0.5062, 'bitfinex': 0.50717}",1
2024-05-11 18:25:41.118133,ADA/USD,0.15601819911710518,"{'kraken': 0.443538, 'coinbase': 0.4438, 'binance': 0.4437, 'bitfinex': 0.44423}",1
2024-05-11 18:25:43.095578,LTC/USD,0.503339104625274,"{'kraken': 80.91, 'coinbase': 80.86, 'binance': 80.87, 'bitfinex': 81.267}",1
2024-05-11 18:25:45.091976,BCH/USD,0.3846153846153772,"{'kraken': 431.6, 'coinbase': 431.81, 'binance': 431.65, 'bitfinex': 433.26}",1
2024-05-11 18:25:48.787113,BTC/USD,0.28958476489643664,"{'kraken': 61185.0, 'coinbase': 61143.7, 'binance': 61122.0, 'bitfinex': 61299.0}",2
2024-05-11 18:25:50.846448,ETH/USD,0.2735790985568703,"{'kraken': 2924.21, 'coinbase': 2924.61, 'binance': 2924.2, 'bitfinex': 2932.2}",2
2024-05-11 18:25:52.812740,SOL/USD,0.39551203702433624,"{'kraken': 145.78, 'coinbase': 145.76, 'binance': 145.634, 'bitfinex': 146.21}",2
2024-05-11 18:25:54.830362,XRP/USD,0.19162386408534698,"{'kraken': 0.50642, 'coinbase': 0.5064, 'binance': 0.5062, 'bitfinex': 0.50717}",2
2024-05-11 18:25:56.828740,ADA/USD,0.21238315544553082,"{'kraken': 0.443538, 'coinbase': 0.4438, 'binance': 0.4437, 'bitfinex': 0.44448}",2
2024-05-11 18:25:58.817514,LTC/USD,0.5282038594754979,"{'kraken': 80.91, 'coinbase': 80.84, 'binance': 80.85, 'bitfinex': 81.267}",2
2024-05-11 18:26:00.837138,BCH/USD,0.42649853970608104,"{'kraken': 431.6, 'coinbase': 431.74, 'binance': 431.42, 'bitfinex': 433.26}",2
2024-05-11 18:26:04.569165,BTC/USD,0.27829632259468134,"{'kraken': 61146.9, 'coinbase': 61149.95, 'binance': 61121.9, 'bitfinex': 61292.0}",3
2024-05-11 18:26:06.547010,ETH/USD,0.27049300855933767,"{'kraken': 2924.29, 'coinbase': 2925.42, 'binance': 2925.0, 'bitfinex': 2932.2}",3
2024-05-11 18:26:08.558965,SOL/USD,0.4348214347046647,"{'kraken': 145.77, 'coinbase': 145.7, 'binance': 145.577, 'bitfinex': 146.21}",3
2024-05-11 18:26:10.650418,XRP/USD,0.17183488050563647,"{'kraken': 0.50642, 'coinbase': 0.5064, 'binance': 0.5063, 'bitfinex': 0.50717}",3
2024-05-11 18:26:12.562065,ADA/USD,0.2209695603156665,"{'kraken': 0.443538, 'coinbase': 0.4435, 'binance': 0.4435, 'bitfinex': 0.44448}",3
2024-05-11 18:26:14.600645,LTC/USD,0.5282038594754979,"{'kraken': 80.91, 'coinbase': 80.84, 'binance': 80.85, 'bitfinex': 81.267}",3
2024-05-11 18:26:16.593655,BCH/USD,0.4171881518564899,"{'kraken': 431.6, 'coinbase': 431.67, 'binance': 431.46, 'bitfinex': 433.26}",3
2024-05-11 18:26:20.402716,BTC/USD,0.3226498209956448,"{'kraken': 61122.6, 'coinbase': 61113.7, 'binance': 61087.9, 'bitfinex': 61285.0}",4
2024-05-11 18:26:22.419310,ETH/USD,0.3062394142101869,"{'kraken': 2924.29, 'coinbase': 2923.0, 'binance': 2922.55, 'bitfinex': 2931.5}",4
2024-05-11 18:26:24.456959,SOL/USD,0.3382419667532829,"{'kraken': 145.75, 'coinbase': 145.48, 'binance': 145.458, 'bitfinex': 145.95}",4
2024-05-11 18:26:26.425966,XRP/USD,0.19162386408534698,"{'kraken': 0.50642, 'coinbase': 0.5064, 'binance': 0.5062, 'bitfinex': 0.50717}",4
2024-05-11 18:26:28.403696,ADA/USD,0.311442112389978,"{'kraken': 0.443326, 'coinbase': 0.4432, 'binance': 0.4431, 'bitfinex': 0.44448}",4
2024-05-11 18:26:30.430821,LTC/USD,0.565524068803358,"{'kraken': 80.91, 'coinbase': 80.81, 'binance': 80.82, 'bitfinex': 81.267}",4
2024-05-11 18:26:32.419262,BCH/USD,0.5290268689962347,"{'kraken': 431.66, 'coinbase': 431.36, 'binance': 430.98, 'bitfinex': 433.26}",4
2024-05-11 18:26:36.197498,BTC/USD,0.32572329732199684,"{'kraken': 61122.6, 'coinbase': 61091.1, 'binance': 61064.1, 'bitfinex': 61263.0}",5
2024-05-11 18:26:38.200664,ETH/USD,0.3629639775373205,"{'kraken': 2924.29, 'coinbase': 2920.87, 'binance': 2920.4, 'bitfinex': 2931.0}",5
2024-05-11 18:26:40.188261,SOL/USD,0.34418668685895226,"{'kraken': 145.47, 'coinbase': 145.29, 'binance': 145.27, 'bitfinex': 145.77}",5
2024-05-11 18:26:42.176891,XRP/USD,0.21142066785220615,"{'kraken': 0.50642, 'coinbase': 0.5062, 'binance': 0.5061, 'bitfinex': 0.50717}",5
2024-05-11 18:26:44.464204,ADA/USD,0.3567396703544751,"{'kraken': 0.443016, 'coinbase': 0.4429, 'binance': 0.4429, 'bitfinex': 0.44448}",5
2024-05-11 18:26:46.231294,LTC/USD,0.5779702970297014,"{'kraken': 80.81, 'coinbase': 80.8, 'binance': 80.81, 'bitfinex': 81.267}",5
2024-05-11 18:26:48.252731,BCH/USD,0.5990526609083273,"{'kraken': 431.66, 'coinbase': 430.86, 'binance': 430.68, 'bitfinex': 433.26}",5
2024-05-11 18:26:52.124826,BTC/USD,0.39580518645802143,"{'kraken': 61070.1, 'coinbase': 61020.39, 'binance': 60989.6, 'bitfinex': 61231.0}",6
2024-05-11 18:26:54.002470,ETH/USD,0.4468342666671152,"{'kraken': 2922.8, 'coinbase': 2917.6, 'binance': 2916.07, 'bitfinex': 2929.1}",6
2024-05-11 18:26:55.996942,SOL/USD,0.3205238669653651,"{'kraken': 145.31, 'coinbase': 145.13, 'binance': 145.075, 'bitfinex': 145.54}",6
2024-05-11 18:26:57.959502,XRP/USD,0.2708580466587549,"{'kraken': 0.50625, 'coinbase': 0.506, 'binance': 0.5058, 'bitfinex': 0.50717}",6
2024-05-11 18:27:00.019177,ADA/USD,0.44745762711863996,"{'kraken': 0.443016, 'coinbase': 0.4427, 'binance': 0.4425, 'bitfinex': 0.44448}",6
2024-05-11 18:27:02.024505,LTC/USD,0.565524068803358,"{'kraken': 80.81, 'coinbase': 80.82, 'binance': 80.83, 'bitfinex': 81.267}",6
2024-05-11 18:27:04.077530,BCH/USD,0.8050255932992042,"{'kraken': 431.66, 'coinbase': 429.8, 'binance': 430.4, 'bitfinex': 433.26}",6
2024-05-11 18:27:07.813781,BTC/USD,0.2895252834593493,"{'kraken': 61070.1, 'coinbase': 61037.99, 'binance': 60996.4, 'bitfinex': 61173.0}",7
2024-05-11 18:27:09.811996,ETH/USD,0.2506351595527635,"{'kraken': 2919.24, 'coinbase': 2917.11, 'binance': 2916.59, 'bitfinex': 2923.9}",7
2024-05-11 18:27:11.815793,SOL/USD,0.25097217242615927,"{'kraken': 145.14, 'coinbase': 145.12, 'binance': 145.036, 'bitfinex': 145.4}",7
2024-05-11 18:27:13.964341,XRP/USD,0.25103775449693483,"{'kraken': 0.50625, 'coinbase': 0.5061, 'binance': 0.5059, 'bitfinex': 0.50717}",7
2024-05-11 18:27:15.836306,ADA/USD,0.40207815676530473,"{'kraken': 0.443016, 'coinbase': 0.4427, 'binance': 0.4427, 'bitfinex': 0.44448}",7
2024-05-11 18:27:17.807343,LTC/USD,0.565524068803358,"{'kraken': 80.81, 'coinbase': 80.87, 'binance': 80.87, 'bitfinex': 81.267}",7
2024-05-11 18:27:19.927733,BCH/USD,0.25548123374210857,"{'kraken': 431.66, 'coinbase': 430.79, 'binance': 430.56, 'bitfinex': 431.41}",7
2024-05-11 18:27:23.868324,BTC/USD,0.2507169192953707,"{'kraken': 61070.0, 'coinbase': 61056.09, 'binance': 61025.0, 'bitfinex': 61178.0}",8
2024-05-11 18:27:25.885214,ETH/USD,0.194639197867203,"{'kraken': 2918.64, 'coinbase': 2918.73, 'binance': 2918.22, 'bitfinex': 2923.9}",8
2024-05-11 18:27:27.921100,SOL/USD,0.2756339581036423,"{'kraken': 145.12, 'coinbase': 145.25, 'binance': 145.177, 'bitfinex': 145.52}",8
2024-05-11 18:27:29.900192,XRP/USD,0.23517786561265303,"{'kraken': 0.50625, 'coinbase': 0.5061, 'binance': 0.506, 'bitfinex': 0.50719}",8
2024-05-11 18:27:31.899538,ADA/USD,0.3794037940379312,"{'kraken': 0.442816, 'coinbase': 0.4428, 'binance': 0.4428, 'bitfinex': 0.44448}",8
2024-05-11 18:27:33.900838,LTC/USD,0.565524068803358,"{'kraken': 80.81, 'coinbase': 80.84, 'binance': 80.86, 'bitfinex': 81.267}",8
2024-05-11 18:27:35.919593,BCH/USD,0.2578097781906895,"{'kraken': 431.66, 'coinbase': 430.75, 'binance': 430.55, 'bitfinex': 431.41}",8
2024-05-11 18:27:39.658329,BTC/USD,0.2170512158963396,"{'kraken': 61070.0, 'coinbase': 61078.39, 'binance': 61045.5, 'bitfinex': 61178.0}",9
2024-05-11 18:27:41.676719,ETH/USD,0.1870734314612298,"{'kraken': 2918.64, 'coinbase': 2920.71, 'binance': 2919.99, 'bitfinex': 2924.1}",9
2024-05-11 18:27:43.677257,SOL/USD,0.23412753064316447,"{'kraken': 145.22, 'coinbase': 145.29, 'binance': 145.241, 'bitfinex': 145.56}",9
2024-05-11 18:27:45.689004,XRP/USD,0.23715415019762426,"{'kraken': 0.50633, 'coinbase': 0.5063, 'binance': 0.506, 'bitfinex': 0.5072}",9
2024-05-11 18:27:47.686417,ADA/USD,0.3794037940379312,"{'kraken': 0.442816, 'coinbase': 0.4428, 'binance': 0.4429, 'bitfinex': 0.44448}",9
2024-05-11 18:27:49.674880,LTC/USD,0.565524068803358,"{'kraken': 80.81, 'coinbase': 80.86, 'binance': 80.87, 'bitfinex': 81.267}",9
2024-05-11 18:27:51.729336,BCH/USD,0.2019545486199783,"{'kraken': 431.66, 'coinbase': 430.94, 'binance': 430.79, 'bitfinex': 431.41}",9
2024-05-11 18:27:55.429025,BTC/USD,0.2736656954891812,"{'kraken': 61080.0, 'coinbase': 61093.56, 'binance': 61059.9, 'bitfinex': 61227.0}",10
2024-05-11 18:27:57.436417,ETH/USD,0.3477635208058551,"{'kraken': 2918.65, 'coinbase': 2922.56, 'binance': 2921.81, 'bitfinex': 2928.8}",10
2024-05-11 18:27:59.437255,SOL/USD,0.24103023207767668,"{'kraken': 145.21, 'coinbase': 145.34, 'binance': 145.271, 'bitfinex': 145.56}",10
2024-05-11 18:28:01.451300,XRP/USD,0.19755037534571335,"{'kraken': 0.50633, 'coinbase': 0.5063, 'binance': 0.5062, 'bitfinex': 0.5072}",10
2024-05-11 18:28:14.143391,LTC/USD,0.210317951255724,"{'kraken': 80.86, 'coinbase': 80.83, 'binance': 80.85, 'bitfinex': 81.0}",10
2024-05-11 18:28:16.079753,BCH/USD,0.2997420823942237,"{'kraken': 431.66, 'coinbase': 430.44, 'binance': 430.37, 'bitfinex': 431.41}",10
2024-05-11 18:28:19.815177,BTC/USD,0.31311475409836065,"{'kraken': 61069.8, 'coinbase': 61030.51, 'binance': 61000.0, 'bitfinex': 61191.0}",11
2024-05-11 18:28:21.762488,ETH/USD,0.3595408570713626,"{'kraken': 2919.48, 'coinbase': 2919.1, 'binance': 2917.61, 'bitfinex': 2928.1}",11
2024-05-11 18:28:23.792347,SOL/USD,0.33154350388408693,"{'kraken': 145.21, 'coinbase': 145.19, 'binance': 145.079, 'bitfinex': 145.56}",11
2024-05-11 18:28:25.803607,XRP/USD,0.21734835012843112,"{'kraken': 0.50633, 'coinbase': 0.5062, 'binance': 0.5061, 'bitfinex': 0.5072}",11
2024-05-11 18:28:27.802697,ADA/USD,0.2983725135623842,"{'kraken': 0.442464, 'coinbase': 0.4426, 'binance': 0.4424, 'bitfinex': 0.44372}",10
2024-05-11 18:28:29.869356,LTC/USD,0.17313875834776227,"{'kraken': 80.86, 'coinbase': 80.86, 'binance': 80.86, 'bitfinex': 81.0}",11
2024-05-11 18:28:31.829825,BCH/USD,0.2904207615994052,"{'kraken': 431.66, 'coinbase': 430.68, 'binance': 430.41, 'bitfinex': 431.41}",11
2024-05-11 18:28:35.545097,BTC/USD,0.2869743788094555,"{'kraken': 61069.8, 'coinbase': 61048.94, 'binance': 61015.9, 'bitfinex': 61191.0}",12
2024-05-11 18:28:37.573183,ETH/USD,0.2089327305110258,"{'kraken': 2920.08, 'coinbase': 2920.27, 'binance': 2919.6, 'bitfinex': 2925.7}",12
2024-05-11 18:28:39.550101,SOL/USD,0.27417643735963687,"{'kraken': 145.21, 'coinbase': 145.18, 'binance': 145.162, 'bitfinex': 145.56}",12
2024-05-11 18:28:41.580232,XRP/USD,0.19755037534571335,"{'kraken': 0.50633, 'coinbase': 0.5065, 'binance': 0.5062, 'bitfinex': 0.5072}",12
2024-05-11 18:28:43.566800,ADA/USD,0.28386490200332215,"{'kraken': 0.442464, 'coinbase': 0.4426, 'binance': 0.4426, 'bitfinex': 0.44372}",11
2024-05-11 19:19:15.556440,SOL/USDT,0.16439482156310753,"{'kraken': 145.99, 'coinbase': 146.07, 'binance': 146.23, 'bitfinex': 146.1}",1
2024-05-11 19:19:19.540558,ADA/USDT,0.17855530474040318,"{'kraken': 0.443791, 'coinbase': 0.443, 'binance': 0.4435, 'bitfinex': 0.44335}",1
2024-05-11 19:19:29.694409,SOL/USDT,0.16439482156310753,"{'kraken': 145.99, 'coinbase': 146.07, 'binance': 146.11, 'bitfinex': 146.23}",2
2024-05-11 19:19:33.671148,ADA/USDT,0.17855530474040318,"{'kraken': 0.443791, 'coinbase': 0.443, 'binance': 0.4434, 'bitfinex': 0.44335}",2
2024-05-11 19:19:48.038873,ADA/USDT,0.17855530474040318,"{'kraken': 0.443791, 'coinbase': 0.443, 'binance': 0.4433, 'bitfinex': 0.44335}",3
2024-05-11 19:20:02.356484,ADA/USDT,0.17855530474040318,"{'kraken': 0.443791, 'coinbase': 0.443, 'binance': 0.4432, 'bitfinex': 0.44335}",4
2024-05-11 19:20:17.221345,ADA/USDT,0.17855530474040318,"{'kraken': 0.443791, 'coinbase': 0.443, 'binance': 0.4435, 'bitfinex': 0.44335}",5
2024-05-11 19:20:27.534347,SOL/USDT,0.19179395849030834,"{'kraken': 145.99, 'coinbase': 146.07, 'binance': 146.27, 'bitfinex': 146.16}",3
2024-05-11 19:20:31.534171,ADA/USDT,0.17855530474040318,"{'kraken': 0.443791, 'coinbase': 0.443, 'binance': 0.4436, 'bitfinex': 0.44335}",6
2024-05-11 19:20:41.753076,SOL/USDT,0.2123433111856992,"{'kraken': 145.99, 'coinbase': 146.07, 'binance': 146.3, 'bitfinex': 146.16}",4
2024-05-11 19:20:45.852684,ADA/USDT,0.17855530474040318,"{'kraken': 0.443791, 'coinbase': 0.443, 'binance': 0.4437, 'bitfinex': 0.44335}",7
2024-05-11 19:20:55.894590,SOL/USDT,0.19864374272209878,"{'kraken': 145.99, 'coinbase': 146.07, 'binance': 146.25, 'bitfinex': 146.28}",5
2024-05-11 19:20:59.896804,ADA/USDT,0.17855530474040318,"{'kraken': 0.443791, 'coinbase': 0.443, 'binance': 0.4437, 'bitfinex': 0.44335}",8
2024-05-11 19:21:10.108236,SOL/USDT,0.17124460579491746,"{'kraken': 145.99, 'coinbase': 146.07, 'binance': 146.24, 'bitfinex': 146.24}",6
2024-05-11 19:21:14.128476,ADA/USDT,0.17855530474040318,"{'kraken': 0.443791, 'coinbase': 0.443, 'binance': 0.4437, 'bitfinex': 0.44335}",9
2024-05-11 19:21:24.307911,SOL/USDT,0.2397424481128805,"{'kraken': 145.99, 'coinbase': 146.07, 'binance': 146.34, 'bitfinex': 146.24}",7
2024-05-11 19:21:28.332246,ADA/USDT,0.18058690744920258,"{'kraken': 0.443791, 'coinbase': 0.443, 'binance': 0.4438, 'bitfinex': 0.44335}",10
2024-05-11 19:21:36.412544,ETH/USDT,0.15419330575403478,"{'kraken': 2927.04, 'coinbase': 2929.2, 'binance': 2929.41, 'bitfinex': 2924.9}",1
2024-05-11 19:21:42.411129,ADA/USDT,0.2257336343115126,"{'kraken': 0.443791, 'coinbase': 0.443, 'binance': 0.444, 'bitfinex': 0.44335}",11
2024-05-11 19:21:50.508087,ETH/USDT,0.16752709494341997,"{'kraken': 2927.04, 'coinbase': 2929.68, 'binance': 2929.8, 'bitfinex': 2924.9}",2
2024-05-11 19:21:56.495001,ADA/USDT,0.2257336343115126,"{'kraken': 0.443791, 'coinbase': 0.443, 'binance': 0.444, 'bitfinex': 0.44335}",12
2024-05-11 19:22:04.736783,ETH/USDT,0.16786898697390867,"{'kraken': 2927.04, 'coinbase': 2929.68, 'binance': 2929.81, 'bitfinex': 2924.9}",3
2024-05-11 19:22:10.839863,ADA/USDT,0.24830699774266138,"{'kraken': 0.443791, 'coinbase': 0.443, 'binance': 0.4441, 'bitfinex': 0.44335}",13
2024-05-11 19:22:19.158343,ETH/USDT,0.17162979930937747,"{'kraken': 2927.04, 'coinbase': 2929.68, 'binance': 2929.92, 'bitfinex': 2924.9}",4
2024-05-11 19:22:25.152209,ADA/USDT,0.20316027088036387,"{'kraken': 0.443791, 'coinbase': 0.443, 'binance': 0.4439, 'bitfinex': 0.44335}",14
2024-05-11 19:22:33.357736,ETH/USDT,0.16752709494341997,"{'kraken': 2929.77, 'binance': 2929.8, 'bitfinex': 2924.9}",5
2024-05-11 19:22:39.356626,ADA/USDT,0.2257336343115126,"{'kraken': 0.443791, 'coinbase': 0.443, 'binance': 0.444, 'bitfinex': 0.44335}",15
2024-05-11 19:22:47.794058,ETH/USDT,0.16650141885192282,"{'kraken': 2929.77, 'coinbase': 2928.41, 'binance': 2928.36, 'bitfinex': 2924.9}",6
2024-05-11 19:22:53.563205,ADA/USDT,0.20316027088036387,"{'kraken': 0.443791, 'coinbase': 0.443, 'binance': 0.4439, 'bitfinex': 0.44335}",16
